{"cameraMode":{"drawMode":0,"name":"Shaded","section":"Shading Mode"},"sceneLighting":false,"audioPlay":false,"sceneViewState":{"showFog":true,"showMaterialUpdate":true,"showSkybox":false,"showFlares":true,"showImageEffects":true,"showParticleSystems":true},"in2DMode":false,"pivot":{"x":-8.974431991577149,"y":0.8873652815818787,"z":4.407294273376465},"rotation":{"x":-0.0016149793518707157,"y":0.9983837604522705,"z":-0.04075668007135391,"w":-0.03955637291073799},"size":6.150421619415283,"orthographic":false}