{"cameraMode":{"drawMode":0,"name":"Shaded","section":"Shading Mode"},"sceneLighting":false,"audioPlay":false,"sceneViewState":{"showFog":true,"showMaterialUpdate":true,"showSkybox":false,"showFlares":true,"showImageEffects":true,"showParticleSystems":true},"in2DMode":false,"pivot":{"x":-0.02111702412366867,"y":-0.0584162101149559,"z":-0.23194873332977296},"rotation":{"x":-0.0034498029854148628,"y":0.9943132996559143,"z":-0.10087841749191284,"w":-0.0340176559984684},"size":3.632549285888672,"orthographic":false}