{"cameraMode":{"drawMode":0,"name":"Shaded","section":"Shading Mode"},"sceneLighting":false,"audioPlay":false,"sceneViewState":{"showFog":true,"showMaterialUpdate":true,"showSkybox":false,"showFlares":true,"showImageEffects":true,"showParticleSystems":true},"in2DMode":false,"pivot":{"x":2.384185791015625e-7,"y":0.10262500494718552,"z":-2.384185791015625e-7},"rotation":{"x":-0.0034498029854148628,"y":0.9943132996559143,"z":-0.10087841749191284,"w":-0.0340176559984684},"size":2.1165354251861574,"orthographic":false}