{"cameraMode":{"drawMode":0,"name":"Shaded","section":"Shading Mode"},"sceneLighting":false,"audioPlay":false,"sceneViewState":{"showFog":true,"showMaterialUpdate":true,"showSkybox":false,"showFlares":true,"showImageEffects":true,"showParticleSystems":true},"in2DMode":false,"pivot":{"x":-0.9498425126075745,"y":0.46280568838119509,"z":-0.21273788809776307},"rotation":{"x":0.014605056494474411,"y":0.9853677749633789,"z":-0.12392577528953552,"w":0.11611773073673248},"size":2.9811716079711916,"orthographic":false}