{"cameraMode":{"drawMode":0,"name":"Shaded","section":"Shading Mode"},"sceneLighting":false,"audioPlay":false,"sceneViewState":{"showFog":true,"showMaterialUpdate":true,"showSkybox":false,"showFlares":true,"showImageEffects":true,"showParticleSystems":true},"in2DMode":false,"pivot":{"x":-0.3964824676513672,"y":0.1682378351688385,"z":8.269068717956543},"rotation":{"x":0.394991010427475,"y":-0.5905270576477051,"z":0.4055636525154114,"w":0.5751326084136963},"size":24.36676788330078,"orthographic":false}