{"cameraMode":{"drawMode":0,"name":"Shaded","section":"Shading Mode"},"sceneLighting":false,"audioPlay":false,"sceneViewState":{"showFog":true,"showMaterialUpdate":true,"showSkybox":false,"showFlares":true,"showImageEffects":true,"showParticleSystems":true},"in2DMode":false,"pivot":{"x":-0.7219386696815491,"y":0.3016167879104614,"z":-0.5591200590133667},"rotation":{"x":0.014605056494474411,"y":0.9853677749633789,"z":-0.12392577528953552,"w":0.11611773073673248},"size":2.3186306953430177,"orthographic":false}