{"cameraMode":{"drawMode":0,"name":"Shaded","section":"Shading Mode"},"sceneLighting":false,"audioPlay":false,"sceneViewState":{"showFog":true,"showMaterialUpdate":true,"showSkybox":false,"showFlares":true,"showImageEffects":true,"showParticleSystems":true},"in2DMode":false,"pivot":{"x":0.06320297718048096,"y":0.38514187932014468,"z":-0.34000974893569949},"rotation":{"x":0.3137015998363495,"y":0.17107515037059785,"z":-0.05756671354174614,"w":0.9322112202644348},"size":0.6812413930892944,"orthographic":false}