{"cameraMode":{"drawMode":0,"name":"Shaded","section":"Shading Mode"},"sceneLighting":false,"audioPlay":false,"sceneViewState":{"showFog":true,"showMaterialUpdate":true,"showSkybox":false,"showFlares":true,"showImageEffects":true,"showParticleSystems":true},"in2DMode":false,"pivot":{"x":9.419189453125,"y":1.1789674758911133,"z":5.471675872802734},"rotation":{"x":0.35672450065612795,"y":-0.5947225689888,"z":0.33172687888145449,"w":0.6395387649536133},"size":24.494251251220704,"orthographic":false}