{"cameraMode":{"drawMode":0,"name":"Shaded","section":"Shading Mode"},"sceneLighting":false,"audioPlay":false,"sceneViewState":{"showFog":true,"showMaterialUpdate":true,"showSkybox":false,"showFlares":true,"showImageEffects":true,"showParticleSystems":true},"in2DMode":false,"pivot":{"x":12.289851188659668,"y":4.910791873931885,"z":1.9817008972167969},"rotation":{"x":-0.013584479689598084,"y":0.981096088886261,"z":-0.17791962623596192,"w":-0.07490814477205277},"size":3.98907732963562,"orthographic":false}