{"cameraMode":{"drawMode":0,"name":"Shaded","section":"Shading Mode"},"sceneLighting":false,"audioPlay":false,"sceneViewState":{"showFog":true,"showMaterialUpdate":true,"showSkybox":false,"showFlares":true,"showImageEffects":true,"showParticleSystems":true},"in2DMode":false,"pivot":{"x":-36.72444152832031,"y":-13.996562957763672,"z":-35.154754638671878},"rotation":{"x":-0.026435624808073045,"y":0.9427972435951233,"z":-0.3232475817203522,"w":-0.07710304856300354},"size":27.930267333984376,"orthographic":false}