{"cameraMode":{"drawMode":0,"name":"Shaded","section":"Shading Mode"},"sceneLighting":false,"audioPlay":false,"sceneViewState":{"showFog":true,"showMaterialUpdate":true,"showSkybox":false,"showFlares":true,"showImageEffects":true,"showParticleSystems":true},"in2DMode":false,"pivot":{"x":-12.835610389709473,"y":2.4286811351776125,"z":2.693131446838379},"rotation":{"x":-0.00781420897692442,"y":0.7441883087158203,"z":0.008707352913916111,"w":0.6678667068481445},"size":2.7039144039154054,"orthographic":false}