{"cameraMode":{"drawMode":0,"name":"Shaded","section":"Shading Mode"},"sceneLighting":false,"audioPlay":false,"sceneViewState":{"showFog":true,"showMaterialUpdate":true,"showSkybox":false,"showFlares":true,"showImageEffects":true,"showParticleSystems":true},"in2DMode":false,"pivot":{"x":0.06428074091672898,"y":1.1887309551239014,"z":-0.04163418710231781},"rotation":{"x":0.067653588950634,"y":0.7094869613647461,"z":-0.0687560960650444,"w":0.6980893015861511},"size":3.7850940227508547,"orthographic":false}