{"cameraMode":{"drawMode":0,"name":"Shaded","section":"Shading Mode"},"sceneLighting":false,"audioPlay":false,"sceneViewState":{"showFog":true,"showMaterialUpdate":true,"showSkybox":false,"showFlares":true,"showImageEffects":true,"showParticleSystems":true},"in2DMode":false,"pivot":{"x":-1.2392680644989014,"y":1.1950230598449708,"z":0.21849244832992555},"rotation":{"x":0.272469699382782,"y":0.5945122838020325,"z":-0.22418838739395142,"w":0.7225382328033447},"size":1.0295889377593995,"orthographic":false}