{"cameraMode":{"drawMode":0,"name":"Shaded","section":"Shading Mode"},"sceneLighting":false,"audioPlay":false,"sceneViewState":{"showFog":true,"showMaterialUpdate":true,"showSkybox":false,"showFlares":true,"showImageEffects":true,"showParticleSystems":true},"in2DMode":false,"pivot":{"x":-33.564151763916019,"y":-4.2584686279296879,"z":-23.128145217895509},"rotation":{"x":0.007331508211791515,"y":0.9735410809516907,"z":-0.22620312869548798,"w":0.03155414015054703},"size":10.15427017211914,"orthographic":false}