{"cameraMode":{"drawMode":0,"name":"Shaded","section":"Shading Mode"},"sceneLighting":false,"audioPlay":false,"sceneViewState":{"showFog":true,"showMaterialUpdate":true,"showSkybox":false,"showFlares":true,"showImageEffects":true,"showParticleSystems":true},"in2DMode":false,"pivot":{"x":-0.027280880138278009,"y":0.7338388562202454,"z":-0.24023650586605073},"rotation":{"x":0.04614708200097084,"y":0.7983417510986328,"z":-0.06168096140027046,"w":0.5972608327865601},"size":2.128183603286743,"orthographic":false}