{"cameraMode":{"drawMode":0,"name":"Shaded","section":"Shading Mode"},"sceneLighting":false,"audioPlay":false,"sceneViewState":{"showFog":true,"showMaterialUpdate":true,"showSkybox":false,"showFlares":true,"showImageEffects":true,"showParticleSystems":true},"in2DMode":false,"pivot":{"x":-4.23716926574707,"y":2.0120902061462404,"z":-8.474499702453614},"rotation":{"x":0.19200460612773896,"y":0.737177848815918,"z":-0.2343514859676361,"w":0.6039716005325317},"size":23.687559127807618,"orthographic":false}