{"cameraMode":{"drawMode":0,"name":"Shaded","section":"Shading Mode"},"sceneLighting":false,"audioPlay":false,"sceneViewState":{"showFog":true,"showMaterialUpdate":true,"showSkybox":false,"showFlares":true,"showImageEffects":true,"showParticleSystems":true},"in2DMode":false,"pivot":{"x":1.4156103134155274e-7,"y":0.08897896856069565,"z":0.0},"rotation":{"x":-0.0034498029854148628,"y":0.9943132996559143,"z":-0.10087841749191284,"w":-0.0340176559984684},"size":1.1614588499069214,"orthographic":false}