{"cameraMode":{"drawMode":0,"name":"Shaded","section":"Shading Mode"},"sceneLighting":false,"audioPlay":false,"sceneViewState":{"showFog":true,"showMaterialUpdate":true,"showSkybox":false,"showFlares":true,"showImageEffects":true,"showParticleSystems":true},"in2DMode":false,"pivot":{"x":0.09136486053466797,"y":-0.6883125305175781,"z":-14.240307807922364},"rotation":{"x":0.30807575583457949,"y":-0.6578255295753479,"z":0.3389672040939331,"w":0.5978758335113525},"size":16.734935760498048,"orthographic":false}