{"cameraMode":{"drawMode":0,"name":"Shaded","section":"Shading Mode"},"sceneLighting":false,"audioPlay":false,"sceneViewState":{"showFog":true,"showMaterialUpdate":true,"showSkybox":false,"showFlares":true,"showImageEffects":true,"showParticleSystems":true},"in2DMode":false,"pivot":{"x":-27.59746551513672,"y":-0.8538715243339539,"z":-20.08279037475586},"rotation":{"x":-0.0500776544213295,"y":0.7242147922515869,"z":-0.6857167482376099,"w":-0.05288836359977722},"size":5.91719913482666,"orthographic":false}