{"cameraMode":{"drawMode":0,"name":"Shaded","section":"Shading Mode"},"sceneLighting":false,"audioPlay":false,"sceneViewState":{"showFog":true,"showMaterialUpdate":true,"showSkybox":false,"showFlares":true,"showImageEffects":true,"showParticleSystems":true},"in2DMode":false,"pivot":{"x":-0.0427737832069397,"y":-0.07627125829458237,"z":0.13281983137130738},"rotation":{"x":0.3060207664966583,"y":0.5952162146568298,"z":-0.2619665563106537,"w":0.6953052282333374},"size":1.6004149913787842,"orthographic":false}