{"cameraMode":{"drawMode":0,"name":"Shaded","section":"Shading Mode"},"sceneLighting":false,"audioPlay":false,"sceneViewState":{"showFog":true,"showMaterialUpdate":true,"showSkybox":false,"showFlares":true,"showImageEffects":true,"showParticleSystems":true},"in2DMode":false,"pivot":{"x":-11.140859603881836,"y":2.0196588039398195,"z":6.274704456329346},"rotation":{"x":0.0016809164080768824,"y":0.997793436050415,"z":-0.060240015387535098,"w":0.027845926582813264},"size":3.3770225048065187,"orthographic":false}