{"cameraMode":{"drawMode":0,"name":"Shaded","section":"Shading Mode"},"sceneLighting":false,"audioPlay":false,"sceneViewState":{"showFog":true,"showMaterialUpdate":true,"showSkybox":false,"showFlares":true,"showImageEffects":true,"showParticleSystems":true},"in2DMode":false,"pivot":{"x":-31.878826141357423,"y":-2.7073893547058107,"z":-13.584486961364746},"rotation":{"x":0.5175945162773132,"y":0.4821974039077759,"z":-0.5098856091499329,"w":0.4894873797893524},"size":2.1006624698638918,"orthographic":false}