{"cameraMode":{"drawMode":0,"name":"Shaded","section":"Shading Mode"},"sceneLighting":false,"audioPlay":false,"sceneViewState":{"showFog":true,"showMaterialUpdate":true,"showSkybox":false,"showFlares":true,"showImageEffects":true,"showParticleSystems":true},"in2DMode":false,"pivot":{"x":-4.76837158203125e-7,"y":0.23346950113773347,"z":0.0},"rotation":{"x":0.04614708200097084,"y":0.7983417510986328,"z":-0.06168096140027046,"w":0.5972608327865601},"size":3.484755277633667,"orthographic":false}