{"cameraMode":{"drawMode":0,"name":"Shaded","section":"Shading Mode"},"sceneLighting":false,"audioPlay":false,"sceneViewState":{"showFog":true,"showMaterialUpdate":true,"showSkybox":false,"showFlares":true,"showImageEffects":true,"showParticleSystems":true},"in2DMode":false,"pivot":{"x":4.458818435668945,"y":0.4648475646972656,"z":6.424867630004883},"rotation":{"x":0.4075612425804138,"y":-0.5483956336975098,"z":0.34826353192329409,"w":0.6417693495750427},"size":20.3590145111084,"orthographic":false}