{"cameraMode":{"drawMode":0,"name":"Shaded","section":"Shading Mode"},"sceneLighting":false,"audioPlay":false,"sceneViewState":{"showFog":true,"showMaterialUpdate":true,"showSkybox":false,"showFlares":true,"showImageEffects":true,"showParticleSystems":true},"in2DMode":false,"pivot":{"x":-0.0008418560028076172,"y":0.956961452960968,"z":0.0008407831192016602},"rotation":{"x":0.067653588950634,"y":0.7094869613647461,"z":-0.0687560960650444,"w":0.6980893015861511},"size":3.2794501781463625,"orthographic":false}