{"cameraMode":{"drawMode":0,"name":"Shaded","section":"Shading Mode"},"sceneLighting":false,"audioPlay":false,"sceneViewState":{"showFog":true,"showMaterialUpdate":true,"showSkybox":false,"showFlares":true,"showImageEffects":true,"showParticleSystems":true},"in2DMode":false,"pivot":{"x":-15.65329360961914,"y":1.2335398197174073,"z":-8.696990966796875},"rotation":{"x":-0.0053163012489676479,"y":0.9887270927429199,"z":-0.14518660306930543,"w":-0.0362032875418663},"size":10.682536125183106,"orthographic":false}