{"cameraMode":{"drawMode":0,"name":"Shaded","section":"Shading Mode"},"sceneLighting":false,"audioPlay":false,"sceneViewState":{"showFog":true,"showMaterialUpdate":true,"showSkybox":false,"showFlares":true,"showImageEffects":true,"showParticleSystems":true},"in2DMode":false,"pivot":{"x":-10.562816619873047,"y":2.6103944778442385,"z":-1.227258563041687},"rotation":{"x":-0.0037528721150010826,"y":0.9892692565917969,"z":-0.14375066757202149,"w":-0.025825468823313714},"size":6.003911972045898,"orthographic":false}