{"cameraMode":{"drawMode":0,"name":"Shaded","section":"Shading Mode"},"sceneLighting":false,"audioPlay":false,"sceneViewState":{"showFog":true,"showMaterialUpdate":true,"showSkybox":false,"showFlares":true,"showImageEffects":true,"showParticleSystems":true},"in2DMode":false,"pivot":{"x":12.487953186035157,"y":1.5123138427734376,"z":2.307711124420166},"rotation":{"x":0.4042203724384308,"y":-0.5495083928108215,"z":0.34436097741127016,"w":0.6450281739234924},"size":23.42905616760254,"orthographic":false}