{"cameraMode":{"drawMode":0,"name":"Shaded","section":"Shading Mode"},"sceneLighting":false,"audioPlay":false,"sceneViewState":{"showFog":true,"showMaterialUpdate":true,"showSkybox":false,"showFlares":true,"showImageEffects":true,"showParticleSystems":true},"in2DMode":false,"pivot":{"x":-0.1593557596206665,"y":0.33048319816589358,"z":-0.3779449462890625},"rotation":{"x":0.3967912495136261,"y":0.27646902203559878,"z":-0.12666212022304536,"w":0.8660746812820435},"size":1.5919873714447022,"orthographic":false}