{"cameraMode":{"drawMode":0,"name":"Shaded","section":"Shading Mode"},"sceneLighting":false,"audioPlay":false,"sceneViewState":{"showFog":true,"showMaterialUpdate":true,"showSkybox":false,"showFlares":true,"showImageEffects":true,"showParticleSystems":true},"in2DMode":false,"pivot":{"x":2.516718864440918,"y":4.533985137939453,"z":0.4868823289871216},"rotation":{"x":0.0820750966668129,"y":-0.6839959025382996,"z":-0.07789935916662216,"w":-0.7206583023071289},"size":9.018394470214844,"orthographic":false}