{"cameraMode":{"drawMode":0,"name":"Shaded","section":"Shading Mode"},"sceneLighting":false,"audioPlay":false,"sceneViewState":{"showFog":true,"showMaterialUpdate":true,"showSkybox":false,"showFlares":true,"showImageEffects":true,"showParticleSystems":true},"in2DMode":false,"pivot":{"x":-8.05191421508789,"y":2.5571088790893556,"z":-7.7493896484375},"rotation":{"x":0.0059581296518445019,"y":0.7677637934684753,"z":-0.007140599191188812,"w":0.6406649947166443},"size":12.203760147094727,"orthographic":false}