{"cameraMode":{"drawMode":0,"name":"Shaded","section":"Shading Mode"},"sceneLighting":false,"audioPlay":false,"sceneViewState":{"showFog":true,"showMaterialUpdate":true,"showSkybox":false,"showFlares":true,"showImageEffects":true,"showParticleSystems":true},"in2DMode":false,"pivot":{"x":-1.6615710258483887,"y":3.403782367706299,"z":0.4886683225631714},"rotation":{"x":0.05447237938642502,"y":0.9451749324798584,"z":-0.21395035088062287,"w":0.24063916504383088},"size":7.891697406768799,"orthographic":false}