{"cameraMode":{"drawMode":0,"name":"Shaded","section":"Shading Mode"},"sceneLighting":false,"audioPlay":false,"sceneViewState":{"showFog":true,"showMaterialUpdate":true,"showSkybox":false,"showFlares":true,"showImageEffects":true,"showParticleSystems":true},"in2DMode":false,"pivot":{"x":-0.3490321636199951,"y":0.6083614826202393,"z":-0.11393770575523377},"rotation":{"x":0.067653588950634,"y":0.7094869613647461,"z":-0.0687560960650444,"w":0.6980893015861511},"size":1.9464504718780518,"orthographic":false}