{"cameraMode":{"drawMode":0,"name":"Shaded","section":"Shading Mode"},"sceneLighting":false,"audioPlay":false,"sceneViewState":{"showFog":true,"showMaterialUpdate":true,"showSkybox":false,"showFlares":true,"showImageEffects":true,"showParticleSystems":true},"in2DMode":false,"pivot":{"x":-0.7056726217269898,"y":0.38844025135040285,"z":0.9751195311546326},"rotation":{"x":0.01687191054224968,"y":0.9799976348876953,"z":-0.09497231245040894,"w":0.17408180236816407},"size":0.8110832571983337,"orthographic":false}