{"cameraMode":{"drawMode":0,"name":"Shaded","section":"Shading Mode"},"sceneLighting":false,"audioPlay":false,"sceneViewState":{"showFog":true,"showMaterialUpdate":true,"showSkybox":false,"showFlares":true,"showImageEffects":true,"showParticleSystems":true},"in2DMode":false,"pivot":{"x":-1.3229085206985474,"y":0.6332157254219055,"z":0.40505823493003847},"rotation":{"x":0.04614708200097084,"y":0.7983417510986328,"z":-0.06168096140027046,"w":0.5972608327865601},"size":0.9754545092582703,"orthographic":false}