{"cameraMode":{"drawMode":0,"name":"Shaded","section":"Shading Mode"},"sceneLighting":false,"audioPlay":false,"sceneViewState":{"showFog":true,"showMaterialUpdate":true,"showSkybox":false,"showFlares":true,"showImageEffects":true,"showParticleSystems":true},"in2DMode":false,"pivot":{"x":-1.2117083072662354,"y":1.1093239784240723,"z":0.24369999766349793},"rotation":{"x":0.0635630339384079,"y":0.8107949495315552,"z":-0.08963785320520401,"w":0.574927031993866},"size":1.3214390277862549,"orthographic":false}