{"cameraMode":{"drawMode":0,"name":"Shaded","section":"Shading Mode"},"sceneLighting":false,"audioPlay":false,"sceneViewState":{"showFog":true,"showMaterialUpdate":true,"showSkybox":false,"showFlares":true,"showImageEffects":true,"showParticleSystems":true},"in2DMode":false,"pivot":{"x":0.04010964557528496,"y":0.3782166838645935,"z":0.18968802690505982},"rotation":{"x":0.10067252814769745,"y":0.8992255330085754,"z":-0.29361772537231448,"w":0.308308869600296},"size":2.248058795928955,"orthographic":false}