{"cameraMode":{"drawMode":0,"name":"Shaded","section":"Shading Mode"},"sceneLighting":false,"audioPlay":false,"sceneViewState":{"showFog":true,"showMaterialUpdate":true,"showSkybox":false,"showFlares":true,"showImageEffects":true,"showParticleSystems":true},"in2DMode":false,"pivot":{"x":10.520000457763672,"y":-0.07712233066558838,"z":-14.180000305175782},"rotation":{"x":0.49675968289375307,"y":-0.40718406438827517,"z":0.28416454792022707,"w":0.7118151783943176},"size":18.024335861206056,"orthographic":false}