{"cameraMode":{"drawMode":0,"name":"Shaded","section":"Shading Mode"},"sceneLighting":false,"audioPlay":false,"sceneViewState":{"showFog":true,"showMaterialUpdate":true,"showSkybox":false,"showFlares":true,"showImageEffects":true,"showParticleSystems":true},"in2DMode":false,"pivot":{"x":-28.705476760864259,"y":-6.360554218292236,"z":-21.626426696777345},"rotation":{"x":0.025549497455358506,"y":0.966218113899231,"z":-0.23368658125400544,"w":0.1056394875049591},"size":15.337763786315918,"orthographic":false}