{"cameraMode":{"drawMode":0,"name":"Shaded","section":"Shading Mode"},"sceneLighting":false,"audioPlay":false,"sceneViewState":{"showFog":true,"showMaterialUpdate":true,"showSkybox":false,"showFlares":true,"showImageEffects":true,"showParticleSystems":true},"in2DMode":false,"pivot":{"x":0.17865723371505738,"y":0.8417931795120239,"z":-0.0039357990026474},"rotation":{"x":0.007909979671239853,"y":0.9843500256538391,"z":-0.04580521211028099,"w":0.169984370470047},"size":3.4174656867980959,"orthographic":false}