{"cameraMode":{"drawMode":0,"name":"Shaded","section":"Shading Mode"},"sceneLighting":false,"audioPlay":false,"sceneViewState":{"showFog":true,"showMaterialUpdate":true,"showSkybox":false,"showFlares":true,"showImageEffects":true,"showParticleSystems":true},"in2DMode":false,"pivot":{"x":14.943376541137696,"y":4.243453502655029,"z":3.135080337524414},"rotation":{"x":0.28580906987190249,"y":-0.6481741666793823,"z":0.2873603403568268,"w":0.6446758508682251},"size":12.888586044311524,"orthographic":false}