{"cameraMode":{"drawMode":0,"name":"Shaded","section":"Shading Mode"},"sceneLighting":true,"audioPlay":false,"sceneViewState":{"showFog":true,"showMaterialUpdate":true,"showSkybox":false,"showFlares":true,"showImageEffects":true,"showParticleSystems":true},"in2DMode":false,"pivot":{"x":-1.5541595220565797,"y":10.171327590942383,"z":1.3031461238861085},"rotation":{"x":-0.13873764872550965,"y":0.7622379064559937,"z":-0.17397615313529969,"w":-0.6078479886054993},"size":1.0073516368865967,"orthographic":false}