{"cameraMode":{"drawMode":0,"name":"Shaded","section":"Shading Mode"},"sceneLighting":false,"audioPlay":false,"sceneViewState":{"showFog":true,"showMaterialUpdate":true,"showSkybox":false,"showFlares":true,"showImageEffects":true,"showParticleSystems":true},"in2DMode":false,"pivot":{"x":-15.295207977294922,"y":2.431861162185669,"z":2.8479273319244386},"rotation":{"x":0.08357428014278412,"y":0.898786187171936,"z":-0.19608443975448609,"w":0.383077472448349},"size":5.091193199157715,"orthographic":false}