{"cameraMode":{"drawMode":0,"name":"Shaded","section":"Shading Mode"},"sceneLighting":false,"audioPlay":false,"sceneViewState":{"showFog":true,"showMaterialUpdate":true,"showSkybox":false,"showFlares":true,"showImageEffects":true,"showParticleSystems":true},"in2DMode":false,"pivot":{"x":1.536693811416626,"y":0.887235164642334,"z":0.70281583070755},"rotation":{"x":0.031999580562114719,"y":0.9294202923774719,"z":-0.08303940296173096,"w":0.35813868045806887},"size":4.0214409828186039,"orthographic":false}